ID;nome;profissao;idade
1;Barney;Assistant Buyer;37
2;Daron;Design Engineer;51
3;Caleb;Webmaster;26
4;Julian;Assistant Buyer;71
5;Barry;Software Engineer;71
6;Leah;Pharmacist;44
7;Harmony;Project Manager;65
8;Kassandra;HR Specialist;33
9;Celina;Associate Professor;21
10;Ryan;Dentist;78
11;Mark;Systems Administrator;30
12;Kaylee;Executive Director;71
13;Maddison;Insurance Broker;43
14;Daniel;Software Engineer;23
15;Vanessa;Bookkeeper;57
16;George;Investment  Advisor;26
17;Ethan;Laboratory Technician;51
18;George;Operator;60
19;Isla;Lecturer;60
20;Mavis;Electrician;15
21;Cara;CNC Operator;27
22;Maya;Investment  Advisor;23
23;William;Laboratory Technician;66
24;Domenic;Assistant Buyer;60
25;Scarlett;Bookkeeper;54
26;Gloria;Ambulatory Nurse;28
27;Gabriel;Design Engineer;36
28;Nicole;Operator;28
29;Johnathan;Business Broker;17
30;Ronald;IT Support Staff;79
31;Carter;Dentist;41
32;William;Loan Officer;61
33;Michaela;Executive Director;66
34;Bart;Software Engineer;44
35;Fred;Food Technologist;62
36;Jackeline;HR Coordinator;51
37;Candace;Investment  Advisor;17
38;Andrea;Fabricator;12
39;Stephanie;Machine Operator;44
40;Melania;Operator;24
41;Cameron;Ambulatory Nurse;41
42;Estrella;Investment  Advisor;45
43;Rick;Design Engineer;70
44;Tess;Treasurer;11
45;Claire;Investment  Advisor;48
46;Rocco;Audiologist;36
47;Phillip;Assistant Buyer;25
48;Daphne;Physician;67
49;Bryce;Software Engineer;51
50;Isabel;Design Engineer;21
51;Joseph;Pharmacist;57
52;Katelyn;Bellman;37
53;Hanna;IT Support Staff;47
54;Parker;Chef Manager;28
55;Payton;Machine Operator;51
56;William;Web Developer;71
57;Caleb;Food Technologist;25
58;Sharon;Cook;51
59;Bernadette;Banker;12
60;Enoch;Laboratory Technician;41
61;Ciara;Investment  Advisor;52
62;Eduardo;Fabricator;51
63;Jasmine;Chef Manager;43
64;Boris;Operator;49
65;Hank;Cook;61
66;Kurt;Front Desk Coordinator;63
67;Hayden;Ambulatory Nurse;52
68;Christine;Webmaster;37
69;Quinn;Inspector;10
70;Ryan;Designer;24
71;Domenic;Paramedic;55
72;Tyler;Paramedic;38
73;Jacob;IT Support Staff;50
74;Domenic;Restaurant Manager;69
75;Rowan;Chef Manager;68
76;Kassandra;Investment  Advisor;77
77;Bart;Clerk;41
78;Alexander;Systems Administrator;79
79;Nicholas;Design Engineer;72
80;Fred;CNC Operator;19
81;Eileen;Front Desk Coordinator;76
82;Emma;Fabricator;44
83;Aeris;Pharmacist;30
84;Callie;Software Engineer;70
85;Karen;Insurance Broker;62
86;Tyson;Biologist;39
87;Audrey;Clerk;75
88;Quinn;Loan Officer;27
89;Sloane;Operator;50
90;Daron;Bellman;77
91;Roger;Design Engineer;57
92;Rowan;Operator;56
93;Jamie;Global Logistics Supervisor;11
94;Sonya;Software Engineer;50
95;Tom;Front Desk Coordinator;42
96;Elijah;Audiologist;68
97;Erick;Bookkeeper;69
98;Henry;Executive Director;68
99;Drew;Operator;36
100;Anthony;Call Center Representative;17
101;Marina;Healthcare Specialist;49
102;Noah;Cash Manager;29
103;Rosemary;Associate Professor;25
104;Benny;Production Painter;58
105;Aiden;Staffing Consultant;77
106;Ramon;Restaurant Manager;50
107;Bethany;Fabricator;21
108;Katelyn;Staffing Consultant;37
109;Brad;Stockbroker;40
110;Liam;Cashier;29
111;Camila;Doctor;26
112;Rosalyn;HR Coordinator;31
113;Marvin;Global Logistics Supervisor;51
114;Ron;Ambulatory Nurse;55
115;Adelaide;Bookkeeper;52
116;Charlize;HR Coordinator;35
117;Juliet;Loan Officer;57
118;Ethan;Bookkeeper;63
119;Barry;IT Support Staff;24
120;Carter;Global Logistics Supervisor;33
121;Melanie;CNC Operator;27
122;Emmanuelle;Loan Officer;54
123;Ethan;Executive Director;26
124;Tess;Cook;36
125;Manuel;IT Support Staff;78
126;Barry;Budget Analyst;10
127;Aleksandra;Health Educator;27
128;Hank;Paramedic;68
129;Jack;Lecturer;74
130;Catherine;Stockbroker;71
131;Stacy;Treasurer;49
132;Michael;Call Center Representative;43
133;Alba;Production Painter;73
134;Enoch;Systems Administrator;65
135;Eileen;Paramedic;48
136;Angel;Health Educator;57
137;Jane;Cash Manager;57
138;Harry;Doctor;77
139;Logan;Project Manager;27
140;Kieth;Cook;68
141;Brooklyn;Mobile Developer;20
142;Eileen;Baker;22
143;Kurt;Call Center Representative;23
144;John;Ambulatory Nurse;27
145;Sage;Healthcare Specialist;53
146;Grace;Baker;17
147;Owen;Paramedic;71
148;Michael;Ambulatory Nurse;30
149;Bart;Retail Trainee;49
150;Brad;Business Broker;32
151;Aeris;Project Manager;31
152;Sabrina;Web Developer;62
153;Drew;Baker;29
154;Vicky;Clerk;35
155;Victoria;Cashier;75
156;Chris;IT Support Staff;16
157;Denny;Global Logistics Supervisor;60
158;Rocco;Laboratory Technician;53
159;Anthony;Fabricator;20
160;Alba;Fabricator;67
161;Tony;Executive Director;74
162;Cecilia;Clerk;48
163;Juliet;HR Specialist;57
164;Ethan;Associate Professor;10
165;Iris;HR Coordinator;51
166;Audrey;Executive Director;36
167;Sydney;Investment  Advisor;62
168;Havana;Chef Manager;43
169;Chris;Staffing Consultant;76
170;Caleb;Loan Officer;30
171;Hank;Associate Professor;24
172;Leanne;Software Engineer;69
173;Tony;Staffing Consultant;10
174;Scarlett;Cook;78
175;Nicholas;Investment  Advisor;39
176;Elly;Systems Administrator;13
177;Maya;Baker;43
178;Jayden;Web Developer;18
179;Cameron;Treasurer;17
180;Audrey;Budget Analyst;25
181;Francesca;Bellman;53
182;Tyson;Cashier;62
183;Erica;Webmaster;44
184;Emely;Audiologist;77
185;Maxwell;Bookkeeper;29
186;Ethan;Restaurant Manager;40
187;Paige;Food Technologist;49
188;Havana;Global Logistics Supervisor;78
189;Ember;Accountant;40
190;Ethan;Laboratory Technician;10
191;Benjamin;Cook;22
192;Hanna;Operator;45
193;Juliet;Machine Operator;12
194;Parker;Restaurant Manager;74
195;Harry;Executive Director;49
196;Lauren;HR Specialist;47
197;Caleb;Global Logistics Supervisor;27
198;Ronald;Designer;24
199;Mavis;Pharmacist;40
200;Ramon;Software Engineer;25
201;Peter;Health Educator;72
202;Danny;Healthcare Specialist;42
203;Domenic;Web Developer;23
204;Benny;Clerk;44
205;Kieth;Health Educator;27
206;Trisha;Accountant;21
207;Clint;CNC Operator;74
208;Julian;Healthcare Specialist;28
209;Rosalyn;Project Manager;77
210;Carl;Stockbroker;14
211;John;Baker;65
212;Chuck;Machine Operator;45
213;Destiny;Stockbroker;55
214;Luke;Investment  Advisor;74
215;Daria;Retail Trainee;23
216;Karla;Associate Professor;20
217;Iris;Investment  Advisor;11
218;Rick;Restaurant Manager;44
219;Erin;Food Technologist;59
220;Amelia;Front Desk Coordinator;59
221;Julianna;Machine Operator;55
222;Benjamin;Electrician;46
223;Carissa;Systems Administrator;15
224;Goldie;Accountant;72
225;Alan;Electrician;70
226;Kamila;Food Technologist;50
227;Nicholas;Physician;26
228;Scarlett;Assistant Buyer;54
229;Michelle;Ambulatory Nurse;29
230;Logan;Associate Professor;44
231;Matthew;Treasurer;38
232;Dasha;Lecturer;47
233;Savannah;Electrician;78
234;Chris;Food Technologist;17
235;Kenzie;Associate Professor;51
236;Chad;Business Broker;56
237;Gwenyth;Designer;38
238;Regina;Healthcare Specialist;40
239;Laila;Production Painter;78
240;Madelyn;Insurance Broker;32
241;Melania;Retail Trainee;31
242;Samantha;Systems Administrator;38
243;Stacy;Treasurer;43
244;Phillip;Design Engineer;67
245;Cara;Food Technologist;55
246;Doris;Cash Manager;77
247;Alan;Food Technologist;56
248;Matt;Doctor;72
249;Carter;Service Supervisor;24
250;Kurt;Bookkeeper;58
251;Emerald;HR Coordinator;76
252;Erick;Business Broker;33
253;Mike;Design Engineer;60
254;Percy;Health Educator;49
255;Sebastian;Physician;55
256;Lucy;Cook;45
257;Noah;Steward;38
258;Tony;Lecturer;68
259;Sloane;Healthcare Specialist;20
260;Karla;Machine Operator;11
261;Catherine;Treasurer;16
262;Erica;Cashier;29
263;Jayden;Budget Analyst;78
264;Charlize;Inspector;27
265;Tania;HR Coordinator;34
266;Isla;Mobile Developer;59
267;Emely;Design Engineer;30
268;Daria;Cash Manager;30
269;Russel;Webmaster;16
270;Hazel;Stockbroker;48
271;Harriet;HR Coordinator;45
272;Liliana;Webmaster;26
273;Ember;Auditor;72
274;Jacob;Cashier;41
275;Barney;Auditor;21
276;Agnes;Audiologist;29
277;John;IT Support Staff;70
278;Liam;Loan Officer;66
279;Ada;Insurance Broker;73
280;Ember;Fabricator;50
281;Margot;Inspector;66
282;Christine;Stockbroker;20
283;Ally;CNC Operator;25
284;Mason;Baker;49
285;Rick;Webmaster;31
286;Caitlyn;Production Painter;42
287;Savannah;Accountant;19
288;Domenic;Call Center Representative;15
289;Carmen;Designer;15
290;Martin;Banker;52
291;Daron;Assistant Buyer;49
292;Hanna;Cash Manager;72
293;Natalie;Mobile Developer;22
294;Melanie;Chef Manager;33
295;Aiden;Assistant Buyer;26
296;Johnathan;Cook;62
297;Karen;Investment  Advisor;24
298;Emery;Webmaster;61
299;Noah;Service Supervisor;69
300;Tyler;Clerk;37
301;Isabel;Designer;41
302;Nick;Budget Analyst;18
303;Melanie;Lecturer;49
304;Chanelle;Mobile Developer;62
305;Anthony;Fabricator;79
306;Roger;Ambulatory Nurse;55
307;Logan;Webmaster;53
308;Ryan;Ambulatory Nurse;39
309;Anais;Chef Manager;53
310;Alba;Auditor;77
311;Marvin;Cashier;55
312;Melania;Treasurer;78
313;Savannah;Pharmacist;79
314;Rosie;Banker;60
315;Caleb;Bookkeeper;12
316;Melania;Fabricator;32
317;Javier;Biologist;51
318;Lindsay;Associate Professor;60
319;Hank;Call Center Representative;31
320;Boris;Banker;60
321;Clint;Investment  Advisor;71
322;Lucas;Webmaster;34
323;Johnathan;Clerk;78
324;Bree;HR Specialist;38
325;Chuck;Retail Trainee;48
326;Rebecca;Assistant Buyer;40
327;Erin;Banker;61
328;Goldie;Banker;31
329;Regina;Bellman;40
330;Leroy;Stockbroker;12
331;Jayden;Retail Trainee;50
332;Harmony;Chef Manager;21
333;Alan;Cashier;66
334;Jacob;Chef Manager;64
335;Harvey;Bellman;21
336;Enoch;Health Educator;62
337;John;Ambulatory Nurse;27
338;George;Machine Operator;62
339;Macy;Auditor;12
340;Elena;Business Broker;52
341;Mike;Budget Analyst;58
342;Carl;Systems Administrator;25
343;Mackenzie;Call Center Representative;70
344;Caitlyn;Clerk;70
345;Russel;Treasurer;14
346;Hank;Accountant;53
347;Benny;Software Engineer;33
348;Tania;Bookkeeper;56
349;Chelsea;Associate Professor;57
350;Fred;Chef Manager;54
351;Ethan;Production Painter;51
352;Manuel;Webmaster;45
353;Estrella;Restaurant Manager;48
354;Estrella;Global Logistics Supervisor;61
355;Eduardo;Designer;63
356;Leanne;Global Logistics Supervisor;27
357;Grace;Restaurant Manager;67
358;Jackeline;Call Center Representative;20
359;Gwen;Clerk;58
360;Fred;Executive Director;56
361;Kenzie;Machine Operator;40
362;Barry;Accountant;57
363;Rufus;Doctor;30
364;Phillip;Restaurant Manager;13
365;Melody;Laboratory Technician;76
366;Isla;Steward;60
367;Matt;Cook;21
368;Angelique;Designer;61
369;Vera;Assistant Buyer;32
370;Adalind;Bellman;28
371;Peter;Fabricator;73
372;Florence;Production Painter;36
373;Jacqueline;Investment  Advisor;23
374;Matthew;CNC Operator;35
375;Marie;Pharmacist;24
376;Ethan;Doctor;54
377;Peter;Pharmacist;12
378;Denis;Accountant;19
379;Manuel;Cashier;25
380;Hank;Pharmacist;12
381;Chester;Fabricator;74
382;Chuck;Fabricator;44
383;Callie;Investment  Advisor;59
384;Harvey;Clerk;42
385;Camila;Clerk;23
386;Ruth;Chef Manager;21
387;Carl;Operator;62
388;Matthew;Stockbroker;71
389;Agnes;Systems Administrator;47
390;Daron;Service Supervisor;34
391;Destiny;Staffing Consultant;52
392;Miriam;HR Coordinator;47
393;Susan;CNC Operator;13
394;Marigold;Global Logistics Supervisor;68
395;Chuck;Machine Operator;56
396;Domenic;Project Manager;65
397;Nathan;Global Logistics Supervisor;25
398;Andie;Audiologist;76
399;Alan;Service Supervisor;60
400;Clarissa;Lecturer;50
401;Mara;Physician;52
402;Shelby;Healthcare Specialist;17
403;Doug;Treasurer;13
404;Hank;Doctor;76
405;Danny;Dentist;23
406;Carla;Webmaster;26
407;Gabriel;Health Educator;35
408;Marie;Insurance Broker;72
409;Tony;Audiologist;66
410;Jack;Bellman;63
411;Owen;Banker;14
412;Domenic;Baker;42
413;Daniel;Web Developer;36
414;Christine;Assistant Buyer;49
415;Alan;Doctor;62
416;Marina;Business Broker;29
417;Carter;Electrician;41
418;Francesca;Bellman;16
419;Nicholas;Steward;26
420;Russel;Bellman;79
421;Greta;Front Desk Coordinator;15
422;Jacob;Fabricator;78
423;Violet;HR Specialist;58
424;Brad;Ambulatory Nurse;23
425;Phillip;Service Supervisor;30
426;Jade;Assistant Buyer;51
427;Savannah;Executive Director;40
428;Elise;Operator;34
429;Alexa;Business Broker;38
430;Payton;Physician;67
431;Julius;HR Specialist;72
432;Bryon;HR Coordinator;39
433;Vicky;Executive Director;14
434;Fred;Healthcare Specialist;60
435;Abdul;Web Developer;59
436;Danny;Electrician;77
437;Marla;Physician;79
438;Kieth;Call Center Representative;46
439;Gabriel;Webmaster;12
440;Elly;Web Developer;49
441;Quinn;Webmaster;39
442;Mike;Global Logistics Supervisor;44
443;Jacob;Restaurant Manager;64
444;Enoch;Fabricator;15
445;Angelique;Paramedic;61
446;Emmanuelle;Investment  Advisor;74
447;Chester;Paramedic;50
448;Sebastian;Treasurer;39
449;Goldie;Staffing Consultant;39
450;Zara;Designer;25451;Chuck;Project Manager;65
452;Manuel;Assistant Buyer;39
453;Jack;Bellman;71
454;Russel;Executive Director;32
455;Christy;Designer;54
456;Daphne;Cash Manager;58
457;Matthew;Retail Trainee;23
458;Julian;Paramedic;63
459;Anabelle;Treasurer;71
460;Juliette;Business Broker;37
461;Sadie;Executive Director;63
462;Eduardo;Physician;18
463;Gwen;Ambulatory Nurse;52
464;Michael;Accountant;63
465;Karla;Doctor;15
466;Rufus;Fabricator;21
467;Brad;HR Specialist;31
468;Harvey;IT Support Staff;48
469;Mike;Designer;41
470;Marjorie;IT Support Staff;54
471;Margot;Investment  Advisor;17
472;Brad;Electrician;33
473;Tyler;Web Developer;44
474;Gabriel;Global Logistics Supervisor;76
475;Bob;Retail Trainee;77
476;Gwenyth;Physician;18
477;Denis;Laboratory Technician;30
478;Hayden;Cash Manager;21
479;Logan;Treasurer;48
480;Gabriel;Operator;30
481;Ron;CNC Operator;50
482;Doug;Cashier;41
483;Wade;Laboratory Technician;75
484;Shannon;Assistant Buyer;17
485;Marvin;Ambulatory Nurse;43
486;Eryn;CNC Operator;41
487;Lynn;Production Painter;56
488;Camden;Executive Director;31
489;Bethany;Ambulatory Nurse;28
490;Cedrick;Staffing Consultant;62
491;Ron;Investment  Advisor;19
492;Nate;Operator;37
493;Johnathan;Loan Officer;17
494;Denny;Restaurant Manager;24
495;Caleb;Treasurer;52
496;Margaret;Associate Professor;69
497;Alex;Associate Professor;38
498;Hope;Loan Officer;61
499;Caitlyn;Banker;42
500;Alexander;Assistant Buyer;40
501;Jocelyn;Bookkeeper;46
502;Naomi;Electrician;34
503;Natalie;Budget Analyst;56
504;Josh;Ambulatory Nurse;73
505;Alma;Production Painter;74
506;Isabel;Healthcare Specialist;40
507;Celina;IT Support Staff;78
508;Tess;Dentist;70
509;Eryn;Chef Manager;19
510;Winnie;Clerk;75
511;Noah;Software Engineer;75
512;Sasha;Call Center Representative;64
513;William;Bellman;61
514;Bryce;Accountant;61
515;Sarah;Global Logistics Supervisor;15
516;Danny;Loan Officer;13
517;Julius;Operator;59
518;Leroy;Project Manager;60
519;Carmella;Bookkeeper;23
520;Denny;Mobile Developer;45
521;Ron;Assistant Buyer;37
522;Callie;Call Center Representative;11
523;Johnathan;Retail Trainee;45
524;Rufus;Systems Administrator;41
525;Cameron;Stockbroker;24
526;Adalie;Accountant;10
527;Mark;Auditor;49
528;Tony;Banker;50
529;Alan;Mobile Developer;42
530;Luna;Baker;63
531;Rocco;Software Engineer;62
532;Luna;Insurance Broker;32
533;Ada;Doctor;22
534;Bryon;Steward;51
535;Mayleen;Health Educator;36
536;Rhea;Bellman;73
537;Chloe;Executive Director;61
538;Johnny;IT Support Staff;40
539;Gina;Designer;51
540;Ryan;Inspector;40
541;Harry;Executive Director;57
542;Emerald;Pharmacist;43
543;Melania;Business Broker;30
544;Wendy;Accountant;77
545;Matthew;Food Technologist;40
546;Gabriel;Front Desk Coordinator;47
547;Hayden;Banker;42
548;Rufus;Cashier;64
549;Maggie;Operator;68
550;Nate;Food Technologist;79
551;Wade;Lecturer;11
552;Abbey;Cash Manager;27
553;Crystal;Systems Administrator;48
554;Cassidy;Lecturer;46
555;Chester;Systems Administrator;18
556;Maribel;Cashier;54
557;Penny;Cook;21
558;Aiden;Clerk;42
559;Matt;Paramedic;53
560;Noemi;Accountant;59
561;Danny;Global Logistics Supervisor;77
562;Beatrice;Retail Trainee;26
563;Anais;Lecturer;26
564;Liam;Designer;78
565;Nancy;Baker;71
566;Rachael;Steward;26
567;Dalia;Treasurer;49
568;Chuck;Dentist;73
569;Roger;Call Center Representative;17
570;Karla;Loan Officer;71
571;Sloane;Systems Administrator;67
572;Denny;Auditor;70
573;Emmanuelle;Assistant Buyer;43
574;Alice;Dentist;34
575;Martha;Design Engineer;36
576;Margaret;Lecturer;37
577;Julius;Health Educator;42
578;Ally;Laboratory Technician;49
579;Emely;Global Logistics Supervisor;33
580;Alessandra;Accountant;28
581;Jolene;Machine Operator;62
582;Oliver;Inspector;35
583;John;Staffing Consultant;34
584;Adeline;Loan Officer;44
585;Domenic;Clerk;25
586;Julianna;Biologist;64
587;Cherish;Audiologist;41
588;Dakota;Bellman;34
589;Rhea;Inspector;11
590;Felicity;Laboratory Technician;54
591;Estrella;IT Support Staff;77
592;Emerald;Mobile Developer;44
593;Alan;Biologist;75
594;Percy;Cashier;77
595;Anthony;CNC Operator;18
596;Erica;Software Engineer;28
597;Kenzie;Designer;75
598;Vicky;Clerk;70
599;Nicole;Staffing Consultant;74
600;Mason;Retail Trainee;10
601;Anthony;Service Supervisor;43
602;Miley;Software Engineer;14
603;Ronald;Machine Operator;77
604;Marie;Staffing Consultant;25
605;Hank;Assistant Buyer;39
606;Oliver;Auditor;58
607;Shelby;Software Engineer;62
608;Domenic;Inspector;54
609;Carolyn;Webmaster;23
610;Abbey;Restaurant Manager;22
611;Britney;Designer;49
612;Rick;Food Technologist;28
613;Rosemary;Cook;67
614;Mike;Chef Manager;79
615;Javier;Stockbroker;34
616;Piper;Chef Manager;35
617;Dasha;Retail Trainee;74
618;Adela;Clerk;25
619;Marjorie;Loan Officer;42
620;Penny;Cook;12
621;Lorraine;Cash Manager;35
622;Tony;Software Engineer;77
623;Clint;Fabricator;44
624;Erick;Insurance Broker;51
625;Logan;Webmaster;15
626;Gil;Bookkeeper;21
627;Mara;Systems Administrator;41
628;Chuck;Budget Analyst;59
629;Samara;Clerk;10
630;Alba;Staffing Consultant;74
631;Alan;Ambulatory Nurse;78
632;Henry;Paramedic;25
633;Dalia;Insurance Broker;53
634;Russel;Biologist;59
635;Lucy;Software Engineer;48
636;Wade;Business Broker;48
637;Leanne;Service Supervisor;49
638;Joseph;CNC Operator;53
639;Harry;Software Engineer;21
640;Drew;Bellman;53
641;Benny;Executive Director;47
642;Tom;Paramedic;22
643;Marigold;Baker;43
644;Melania;Clerk;24
645;Denis;Bellman;58
646;Dani;CNC Operator;10
647;Leah;Cash Manager;26
648;Nick;Project Manager;68
649;William;Business Broker;64
650;Rosie;Design Engineer;10
651;Julius;Health Educator;37
652;Martha;Retail Trainee;36
653;Hope;Project Manager;68
654;Aisha;Health Educator;19
655;Julius;Designer;14
656;Owen;Baker;58
657;Luna;Baker;36
658;Kurt;Electrician;48
659;Marie;Laboratory Technician;46
660;Naomi;Biologist;69
661;Candice;Doctor;34
662;Elijah;Pharmacist;64
663;Doug;Web Developer;69
664;Jayden;Baker;74
665;Anne;Clerk;68
666;Alexander;Mobile Developer;25
667;Aiden;Accountant;63
668;Hannah;Associate Professor;79
669;Johnny;Laboratory Technician;60
670;Matt;Investment  Advisor;52
671;Harry;Global Logistics Supervisor;71
672;Harvey;Fabricator;24
673;Sharon;Doctor;22
674;Erick;Machine Operator;16
675;Kieth;Clerk;75
676;Darlene;Lecturer;62
677;Elijah;Treasurer;15
678;Catherine;Staffing Consultant;30
679;Cassandra;Design Engineer;47
680;Caitlyn;Biologist;77
681;Percy;Laboratory Technician;78
682;Tyler;CNC Operator;27
683;Gabriel;Design Engineer;40
684;Bryon;Machine Operator;23
685;Ronald;Restaurant Manager;37
686;Henry;Pharmacist;79
687;Jade;Machine Operator;14
688;Camden;HR Specialist;61
689;Blake;Lecturer;63
690;Oliver;Dentist;56
691;Renee;Physician;19
692;Gil;Operator;18
693;Marilyn;Cook;16
694;Alexa;Inspector;29
695;Marvin;Investment  Advisor;61
696;Noah;Systems Administrator;38
697;Cameron;Pharmacist;68
698;Chuck;Bellman;37
699;Aiden;Designer;40
700;Carter;Electrician;55
701;Rose;Stockbroker;30
702;Daniel;Associate Professor;20
703;Ciara;Executive Director;11
704;Bryon;Design Engineer;32
705;Gina;Business Broker;59
706;Liv;Baker;28
707;Lucy;Restaurant Manager;79
708;Amelia;Electrician;20
709;Blake;Software Engineer;59
710;Martha;Global Logistics Supervisor;16
711;Cedrick;Retail Trainee;40
712;Marie;Pharmacist;51
713;Denis;Electrician;47
714;Chuck;Call Center Representative;15
715;Ryan;Restaurant Manager;47
716;Maia;Business Broker;18
717;Michael;Budget Analyst;61
718;Danielle;Associate Professor;29
719;Kate;Design Engineer;18
720;Eduardo;CNC Operator;18
721;Ruth;Operator;24
722;Rachael;Design Engineer;44
723;Logan;Physician;45
724;Elijah;Design Engineer;18
725;Bernadette;Systems Administrator;61
726;Nicholas;Auditor;47
727;Christine;Doctor;65
728;Caleb;Healthcare Specialist;31
729;William;IT Support Staff;22
730;Cedrick;Investment  Advisor;45
731;Henry;Bookkeeper;16
732;Dakota;Loan Officer;17
733;Wade;Accountant;60
734;Sebastian;Electrician;63
735;Mark;Production Painter;41
736;Angelica;Service Supervisor;40
737;Cara;Auditor;31
738;Javier;Assistant Buyer;72
739;Jayden;Cook;36
740;Belinda;Ambulatory Nurse;69
741;David;Laboratory Technician;37
742;George;Designer;33
743;Chanelle;Webmaster;17
744;Erick;Lecturer;56
745;Jennifer;Bookkeeper;79
746;Benjamin;Front Desk Coordinator;45
747;Hazel;HR Coordinator;70
748;Emery;Doctor;68
749;Lily;Food Technologist;66
750;Nick;Associate Professor;63
751;Ryan;Inspector;13
752;Trisha;Production Painter;11
753;Hayden;Restaurant Manager;23
754;Lara;Bellman;68
755;Benjamin;Paramedic;64
756;Dani;Biologist;13
757;Carol;Web Developer;46
758;Hailey;Associate Professor;62
759;Ronald;HR Specialist;27
760;Nicholas;Operator;74
761;Isabella;Designer;69
762;Gabriel;Systems Administrator;47
763;Kenzie;Pharmacist;66
764;Nick;Business Broker;57
765;Piper;Clerk;78
766;Barney;Retail Trainee;72
767;Phoebe;Steward;13
768;Amy;Designer;40
769;Cassandra;Inspector;64
770;Amy;Auditor;41
771;Caydence;Bookkeeper;56
772;Marissa;Designer;55
773;Bryon;Cash Manager;63
774;Michaela;Cook;60
775;Jayden;Doctor;61
776;Lauren;Restaurant Manager;77
777;Danielle;Bellman;53
778;Carmen;Mobile Developer;22
779;Tony;Steward;61
780;Luna;Restaurant Manager;23
781;Hope;Fabricator;12
782;Phoebe;Assistant Buyer;73
783;Sebastian;Business Broker;69
784;Gwenyth;Webmaster;20
785;Logan;Executive Director;18
786;Jazmin;Fabricator;50
787;Percy;Insurance Broker;51
788;Mike;Ambulatory Nurse;18
789;Gabriel;Webmaster;44
790;Cecilia;Staffing Consultant;49
791;Percy;Designer;27
792;Johnathan;Biologist;68
793;Carter;Doctor;45
794;Rosalie;Systems Administrator;58
795;Benny;Investment  Advisor;34
796;David;Laboratory Technician;56
797;Ramon;Machine Operator;47
798;Gabriel;Budget Analyst;38
799;Percy;Web Developer;30
800;Jackeline;Baker;16
801;Brooklyn;CNC Operator;70
802;Cedrick;Healthcare Specialist;16
803;Logan;Web Developer;12
804;Charlize;Loan Officer;67
805;Cassidy;Health Educator;25
806;Dasha;Designer;52
807;Harvey;Designer;62
808;Aiden;Cashier;38
809;Gwenyth;Service Supervisor;60
810;Sasha;Steward;76
811;Martin;Cashier;69
812;Maya;Mobile Developer;23
813;Mina;Cash Manager;70
814;Chester;Laboratory Technician;38
815;Tara;Staffing Consultant;62
816;Marjorie;Associate Professor;61
817;Enoch;Operator;58
818;Rihanna;Electrician;61
819;Nick;Staffing Consultant;33
820;Jaylene;Bookkeeper;68
821;Aileen;Budget Analyst;42
822;Alessia;Loan Officer;12
823;Russel;Inspector;64
824;Penny;Doctor;23
825;Gemma;Design Engineer;14
826;Ema;Auditor;79
827;Diane;Chef Manager;11
828;Samara;Production Painter;40
829;Caitlyn;Physician;60
830;Amy;Mobile Developer;13
831;Erick;Call Center Representative;66
832;Noah;Inspector;16
833;Adalind;Banker;26
834;Mayleen;Fabricator;39
835;Eden;Bookkeeper;54
836;Daniel;Baker;28
837;Clint;Designer;18
838;Rufus;Doctor;53
839;Sloane;Doctor;72
840;Barney;Global Logistics Supervisor;64
841;Callie;Systems Administrator;35
842;Jacob;Physician;72
843;Tyler;Call Center Representative;38
844;Irene;Bellman;75
845;Nathan;Inspector;60
846;Paula;Doctor;61
847;Anais;Doctor;57
848;Leroy;Doctor;78
849;Ramon;Project Manager;57
850;Matt;Chef Manager;42
851;Jayden;Production Painter;66
852;Skylar;Biologist;17
853;Jayden;IT Support Staff;66
854;Kate;Pharmacist;62
855;Tyler;Cash Manager;46
856;Drew;Health Educator;27
857;Mason;Lecturer;10
858;Karla;Treasurer;38
859;Aiden;Electrician;41
860;Francesca;Paramedic;27
861;David;Health Educator;24
862;Lillian;Operator;66
863;Joyce;Budget Analyst;14
864;Irene;Cashier;27
865;Chadwick;Food Technologist;23
866;Rose;Investment  Advisor;74
867;Makenzie;Operator;54
868;Teagan;Cook;59
869;William;Treasurer;13
870;Maxwell;Audiologist;38
871;Mike;Dentist;48
872;Mandy;Electrician;14
873;Tyson;Budget Analyst;70
874;Julius;Bellman;16
875;Aiden;Machine Operator;61
876;Bristol;Physician;32
877;Denis;HR Coordinator;59
878;Leroy;Paramedic;58
879;Ryan;Front Desk Coordinator;41
880;Danny;Laboratory Technician;61
881;Enoch;IT Support Staff;73
882;Esmeralda;Cash Manager;44
883;Julian;Retail Trainee;72
884;Mayleen;Operator;53
885;Dakota;Insurance Broker;76
886;Eileen;CNC Operator;74
887;Hayden;Banker;69
888;Ryan;Mobile Developer;19
889;Aileen;Front Desk Coordinator;65
890;Renee;Healthcare Specialist;19
891;Molly;Executive Director;35
892;Ellen;Doctor;25
893;Angelina;Fabricator;65
894;Javier;Paramedic;39
895;Maya;Design Engineer;23
896;Lana;Restaurant Manager;40
897;Moira;Webmaster;43
898;Bart;Service Supervisor;62
899;Martin;Health Educator;42
900;Danielle;Paramedic;50
901;Julian;Laboratory Technician;50
902;Raquel;Retail Trainee;24
903;Melania;HR Specialist;25
904;Dasha;Health Educator;17
905;Leroy;Designer;79
906;Matthew;Paramedic;58
907;Nathan;Accountant;31
908;Tyson;Fabricator;21
909;Abdul;Mobile Developer;79
910;Harry;Food Technologist;40
911;Adalind;Front Desk Coordinator;38
912;Martin;Mobile Developer;36
913;Adela;Doctor;11
914;Liam;Laboratory Technician;73
915;Hazel;Executive Director;13
916;Emmanuelle;IT Support Staff;58
917;Alexander;Budget Analyst;41
918;Tyson;Systems Administrator;54
919;Angelina;Fabricator;21
920;Sadie;Call Center Representative;27
921;Anthony;Steward;43
922;Livia;Machine Operator;65
923;Martin;Laboratory Technician;72
924;Tom;HR Specialist;77
925;Ron;Production Painter;24
926;Gloria;Stockbroker;65
927;Maribel;Insurance Broker;58
928;Davina;Cook;37
929;Jack;Retail Trainee;42
930;Ellen;Staffing Consultant;58
931;Enoch;Treasurer;73
932;Cedrick;Global Logistics Supervisor;31
933;Shay;Cashier;59
934;Chad;Designer;63
935;Mark;CNC Operator;52
936;Sabrina;Pharmacist;57
937;Sofia;Business Broker;42
938;Michael;Fabricator;71
939;Daniel;Steward;31
940;Celia;Staffing Consultant;51
941;Julianna;Inspector;48
942;Rocco;Mobile Developer;33
943;Victoria;Design Engineer;46
944;Vicky;Design Engineer;15
945;Carl;Systems Administrator;49
946;Brad;Clerk;23
947;Isabel;Cook;76
948;Liam;Physician;24
949;Jacob;Global Logistics Supervisor;72
950;Vera;Project Manager;30
951;Amy;Retail Trainee;30
952;Benjamin;Paramedic;30
953;Lynn;Lecturer;20
954;Lindsay;Treasurer;51
955;Beatrice;Cook;24
956;Rae;Food Technologist;36
957;Lucy;Assistant Buyer;53
958;Chad;HR Specialist;24
959;Vera;Baker;10
960;Monica;Food Technologist;38
961;Alan;Baker;32
962;Johnny;Steward;72
963;Javier;HR Specialist;32
964;Rocco;Food Technologist;52
965;Judith;Accountant;15
966;Daria;Fabricator;19
967;Nathan;Pharmacist;52
968;Erick;Mobile Developer;53
969;Carl;Call Center Representative;14
970;Carol;Steward;55
971;Belinda;Pharmacist;78
972;Julius;Doctor;28
973;Emerald;Doctor;24
974;Candice;Staffing Consultant;32
975;Sebastian;Cash Manager;72
976;Chris;Design Engineer;63
977;Nathan;Budget Analyst;70
978;Jade;Ambulatory Nurse;17
979;Angel;Project Manager;16
980;Gwenyth;Executive Director;33
981;Drew;Steward;64
982;Johnny;Software Engineer;69
983;Jaylene;CNC Operator;77
984;Celina;Baker;48
985;Adela;Front Desk Coordinator;13
986;Florence;Dentist;51
987;Carl;IT Support Staff;29
988;Domenic;Laboratory Technician;74
989;Cassandra;Machine Operator;43
990;Destiny;Web Developer;31
991;Danny;Doctor;71
992;Jack;Machine Operator;49
993;Aiden;Production Painter;73
994;Vivian;Retail Trainee;67
995;Rufus;Health Educator;40
996;Domenic;Inspector;27
997;Makenzie;Health Educator;39
998;Noah;Fabricator;73
999;Alison;Accountant;40
1000;Hadley;Call Center Representative;75
