ID;nome;profissao;idade
552;Abbey;Cash Manager;27
610;Abbey;Restaurant Manager;22
909;Abdul;Mobile Developer;79
435;Abdul;Web Developer;59
533;Ada;Doctor;22
279;Ada;Insurance Broker;73
526;Adalie;Accountant;10
833;Adalind;Banker;26
370;Adalind;Bellman;28
911;Adalind;Front Desk Coordinator;38
618;Adela;Clerk;25
913;Adela;Doctor;11
985;Adela;Front Desk Coordinator;13
115;Adelaide;Bookkeeper;52
584;Adeline;Loan Officer;44
83;Aeris;Pharmacist;30
151;Aeris;Project Manager;31
276;Agnes;Audiologist;29
389;Agnes;Systems Administrator;47
667;Aiden;Accountant;63
295;Aiden;Assistant Buyer;26
808;Aiden;Cashier;38
558;Aiden;Clerk;42
699;Aiden;Designer;40
859;Aiden;Electrician;41
875;Aiden;Machine Operator;61
993;Aiden;Production Painter;73
105;Aiden;Staffing Consultant;77
821;Aileen;Budget Analyst;42
889;Aileen;Front Desk Coordinator;65
654;Aisha;Health Educator;19
631;Alan;Ambulatory Nurse;78
961;Alan;Baker;32
593;Alan;Biologist;75
333;Alan;Cashier;66
415;Alan;Doctor;62
225;Alan;Electrician;70
247;Alan;Food Technologist;56
529;Alan;Mobile Developer;42
399;Alan;Service Supervisor;60
310;Alba;Auditor;77
160;Alba;Fabricator;67
133;Alba;Production Painter;73
630;Alba;Staffing Consultant;74
127;Aleksandra;Health Educator;27
580;Alessandra;Accountant;28
822;Alessia;Loan Officer;12
497;Alex;Associate Professor;38
429;Alexa;Business Broker;38
694;Alexa;Inspector;29
500;Alexander;Assistant Buyer;40
917;Alexander;Budget Analyst;41
666;Alexander;Mobile Developer;25
78;Alexander;Systems Administrator;79
574;Alice;Dentist;34
999;Alison;Accountant;40
283;Ally;CNC Operator;25
578;Ally;Laboratory Technician;49
505;Alma;Production Painter;74
708;Amelia;Electrician;20
220;Amelia;Front Desk Coordinator;59
770;Amy;Auditor;41
768;Amy;Designer;40
830;Amy;Mobile Developer;13
951;Amy;Retail Trainee;30
459;Anabelle;Treasurer;71
309;Anais;Chef Manager;53
847;Anais;Doctor;57
563;Anais;Lecturer;26
398;Andie;Audiologist;76
38;Andrea;Fabricator;12
136;Angel;Health Educator;57
979;Angel;Project Manager;16
736;Angelica;Service Supervisor;40
893;Angelina;Fabricator;65
919;Angelina;Fabricator;21
368;Angelique;Designer;61
445;Angelique;Paramedic;61
665;Anne;Clerk;68
100;Anthony;Call Center Representative;17
595;Anthony;CNC Operator;18
159;Anthony;Fabricator;20
305;Anthony;Fabricator;79
601;Anthony;Service Supervisor;43
921;Anthony;Steward;43
180;Audrey;Budget Analyst;25
87;Audrey;Clerk;75
166;Audrey;Executive Director;36
1;Barney;Assistant Buyer;37
275;Barney;Auditor;21
840;Barney;Global Logistics Supervisor;64
766;Barney;Retail Trainee;72
362;Barry;Accountant;57
126;Barry;Budget Analyst;10
119;Barry;IT Support Staff;24
5;Barry;Software Engineer;71
77;Bart;Clerk;41
149;Bart;Retail Trainee;49
898;Bart;Service Supervisor;62
34;Bart;Software Engineer;44
955;Beatrice;Cook;24
562;Beatrice;Retail Trainee;26
740;Belinda;Ambulatory Nurse;69
971;Belinda;Pharmacist;78
191;Benjamin;Cook;22
222;Benjamin;Electrician;46
746;Benjamin;Front Desk Coordinator;45
755;Benjamin;Paramedic;64
952;Benjamin;Paramedic;30
204;Benny;Clerk;44
641;Benny;Executive Director;47
795;Benny;Investment  Advisor;34
104;Benny;Production Painter;58
347;Benny;Software Engineer;33
59;Bernadette;Banker;12
725;Bernadette;Systems Administrator;61
489;Bethany;Ambulatory Nurse;28
107;Bethany;Fabricator;21
689;Blake;Lecturer;63
709;Blake;Software Engineer;59
475;Bob;Retail Trainee;77
320;Boris;Banker;60
64;Boris;Operator;49
424;Brad;Ambulatory Nurse;23
150;Brad;Business Broker;32
946;Brad;Clerk;23
472;Brad;Electrician;33
467;Brad;HR Specialist;31
109;Brad;Stockbroker;40
324;Bree;HR Specialist;38
876;Bristol;Physician;32
611;Britney;Designer;49
801;Brooklyn;CNC Operator;70
141;Brooklyn;Mobile Developer;20
514;Bryce;Accountant;61
49;Bryce;Software Engineer;51
773;Bryon;Cash Manager;63
704;Bryon;Design Engineer;32
432;Bryon;HR Coordinator;39
684;Bryon;Machine Operator;23
534;Bryon;Steward;51
499;Caitlyn;Banker;42
680;Caitlyn;Biologist;77
344;Caitlyn;Clerk;70
829;Caitlyn;Physician;60
286;Caitlyn;Production Painter;42
315;Caleb;Bookkeeper;12
57;Caleb;Food Technologist;25
197;Caleb;Global Logistics Supervisor;27
728;Caleb;Healthcare Specialist;31
170;Caleb;Loan Officer;30
495;Caleb;Treasurer;52
3;Caleb;Webmaster;26
522;Callie;Call Center Representative;11
383;Callie;Investment  Advisor;59
84;Callie;Software Engineer;70
841;Callie;Systems Administrator;35
488;Camden;Executive Director;31
688;Camden;HR Specialist;61
41;Cameron;Ambulatory Nurse;41
697;Cameron;Pharmacist;68
525;Cameron;Stockbroker;24
179;Cameron;Treasurer;17
385;Camila;Clerk;23
111;Camila;Doctor;26
37;Candace;Investment  Advisor;17
661;Candice;Doctor;34
974;Candice;Staffing Consultant;32
737;Cara;Auditor;31
21;Cara;CNC Operator;27
245;Cara;Food Technologist;55
223;Carissa;Systems Administrator;15
969;Carl;Call Center Representative;14
987;Carl;IT Support Staff;29
387;Carl;Operator;62
210;Carl;Stockbroker;14
342;Carl;Systems Administrator;25
945;Carl;Systems Administrator;49
406;Carla;Webmaster;26
519;Carmella;Bookkeeper;23
289;Carmen;Designer;15
778;Carmen;Mobile Developer;22
970;Carol;Steward;55
757;Carol;Web Developer;46
609;Carolyn;Webmaster;23
31;Carter;Dentist;41
793;Carter;Doctor;45
417;Carter;Electrician;41
700;Carter;Electrician;55
120;Carter;Global Logistics Supervisor;33
249;Carter;Service Supervisor;24
679;Cassandra;Design Engineer;47
769;Cassandra;Inspector;64
989;Cassandra;Machine Operator;43
805;Cassidy;Health Educator;25
554;Cassidy;Lecturer;46
678;Catherine;Staffing Consultant;30
130;Catherine;Stockbroker;71
261;Catherine;Treasurer;16
771;Caydence;Bookkeeper;56
162;Cecilia;Clerk;48
790;Cecilia;Staffing Consultant;49
932;Cedrick;Global Logistics Supervisor;31
802;Cedrick;Healthcare Specialist;16
730;Cedrick;Investment  Advisor;45
711;Cedrick;Retail Trainee;40
490;Cedrick;Staffing Consultant;62
940;Celia;Staffing Consultant;51
9;Celina;Associate Professor;21
984;Celina;Baker;48
507;Celina;IT Support Staff;78
236;Chad;Business Broker;56
934;Chad;Designer;63
958;Chad;HR Specialist;24
865;Chadwick;Food Technologist;23
304;Chanelle;Mobile Developer;62
743;Chanelle;Webmaster;17
116;Charlize;HR Coordinator;35
264;Charlize;Inspector;27
804;Charlize;Loan Officer;67
349;Chelsea;Associate Professor;57
587;Cherish;Audiologist;41
381;Chester;Fabricator;74
814;Chester;Laboratory Technician;38
447;Chester;Paramedic;50
555;Chester;Systems Administrator;18
537;Chloe;Executive Director;61
976;Chris;Design Engineer;63
234;Chris;Food Technologist;17
156;Chris;IT Support Staff;16
169;Chris;Staffing Consultant;76
414;Christine;Assistant Buyer;49
727;Christine;Doctor;65
282;Christine;Stockbroker;20
68;Christine;Webmaster;37
455;Christy;Designer;54
698;Chuck;Bellman;37
628;Chuck;Budget Analyst;59
714;Chuck;Call Center Representative;15
568;Chuck;Dentist;73
382;Chuck;Fabricator;44
212;Chuck;Machine Operator;45
395;Chuck;Machine Operator;56
451;Chuck;Project Manager;65
325;Chuck;Retail Trainee;48
703;Ciara;Executive Director;11
61;Ciara;Investment  Advisor;52
45;Claire;Investment  Advisor;48
400;Clarissa;Lecturer;50
207;Clint;CNC Operator;74
837;Clint;Designer;18
623;Clint;Fabricator;44
321;Clint;Investment  Advisor;71
553;Crystal;Systems Administrator;48
588;Dakota;Bellman;34
885;Dakota;Insurance Broker;76
732;Dakota;Loan Officer;17
633;Dalia;Insurance Broker;53
567;Dalia;Treasurer;49
756;Dani;Biologist;13
646;Dani;CNC Operator;10
702;Daniel;Associate Professor;20
836;Daniel;Baker;28
14;Daniel;Software Engineer;23
939;Daniel;Steward;31
413;Daniel;Web Developer;36
718;Danielle;Associate Professor;29
777;Danielle;Bellman;53
900;Danielle;Paramedic;50
405;Danny;Dentist;23
991;Danny;Doctor;71
436;Danny;Electrician;77
561;Danny;Global Logistics Supervisor;77
202;Danny;Healthcare Specialist;42
880;Danny;Laboratory Technician;61
516;Danny;Loan Officer;13
456;Daphne;Cash Manager;58
48;Daphne;Physician;67
268;Daria;Cash Manager;30
966;Daria;Fabricator;19
215;Daria;Retail Trainee;23
676;Darlene;Lecturer;62
291;Daron;Assistant Buyer;49
90;Daron;Bellman;77
2;Daron;Design Engineer;51
390;Daron;Service Supervisor;34
806;Dasha;Designer;52
904;Dasha;Health Educator;17
232;Dasha;Lecturer;47
617;Dasha;Retail Trainee;74
861;David;Health Educator;24
741;David;Laboratory Technician;37
796;David;Laboratory Technician;56
928;Davina;Cook;37
378;Denis;Accountant;19
645;Denis;Bellman;58
713;Denis;Electrician;47
877;Denis;HR Coordinator;59
477;Denis;Laboratory Technician;30
572;Denny;Auditor;70
157;Denny;Global Logistics Supervisor;60
520;Denny;Mobile Developer;45
494;Denny;Restaurant Manager;24
391;Destiny;Staffing Consultant;52
213;Destiny;Stockbroker;55
990;Destiny;Web Developer;31
827;Diane;Chef Manager;11
24;Domenic;Assistant Buyer;60
412;Domenic;Baker;42
288;Domenic;Call Center Representative;15
585;Domenic;Clerk;25
608;Domenic;Inspector;54
996;Domenic;Inspector;27
988;Domenic;Laboratory Technician;74
71;Domenic;Paramedic;55
396;Domenic;Project Manager;65
74;Domenic;Restaurant Manager;69
203;Domenic;Web Developer;23
246;Doris;Cash Manager;77
482;Doug;Cashier;41
403;Doug;Treasurer;13
663;Doug;Web Developer;69
153;Drew;Baker;29
640;Drew;Bellman;53
856;Drew;Health Educator;27
99;Drew;Operator;36
981;Drew;Steward;64
835;Eden;Bookkeeper;54
720;Eduardo;CNC Operator;18
355;Eduardo;Designer;63
62;Eduardo;Fabricator;51
462;Eduardo;Physician;18
142;Eileen;Baker;22
886;Eileen;CNC Operator;74
81;Eileen;Front Desk Coordinator;76
135;Eileen;Paramedic;48
340;Elena;Business Broker;52
96;Elijah;Audiologist;68
724;Elijah;Design Engineer;18
662;Elijah;Pharmacist;64
677;Elijah;Treasurer;15
428;Elise;Operator;34
892;Ellen;Doctor;25
930;Ellen;Staffing Consultant;58
176;Elly;Systems Administrator;13
440;Elly;Web Developer;49
826;Ema;Auditor;79
189;Ember;Accountant;40
273;Ember;Auditor;72
280;Ember;Fabricator;50
184;Emely;Audiologist;77
267;Emely;Design Engineer;30
579;Emely;Global Logistics Supervisor;33
973;Emerald;Doctor;24
251;Emerald;HR Coordinator;76
592;Emerald;Mobile Developer;44
542;Emerald;Pharmacist;43
748;Emery;Doctor;68
298;Emery;Webmaster;61
82;Emma;Fabricator;44
573;Emmanuelle;Assistant Buyer;43
446;Emmanuelle;Investment  Advisor;74
916;Emmanuelle;IT Support Staff;58
122;Emmanuelle;Loan Officer;54
444;Enoch;Fabricator;15
336;Enoch;Health Educator;62
881;Enoch;IT Support Staff;73
60;Enoch;Laboratory Technician;41
817;Enoch;Operator;58
134;Enoch;Systems Administrator;65
931;Enoch;Treasurer;73
262;Erica;Cashier;29
596;Erica;Software Engineer;28
183;Erica;Webmaster;44
97;Erick;Bookkeeper;69
252;Erick;Business Broker;33
831;Erick;Call Center Representative;66
624;Erick;Insurance Broker;51
744;Erick;Lecturer;56
674;Erick;Machine Operator;16
968;Erick;Mobile Developer;53
327;Erin;Banker;61
219;Erin;Food Technologist;59
509;Eryn;Chef Manager;19
486;Eryn;CNC Operator;41
882;Esmeralda;Cash Manager;44
354;Estrella;Global Logistics Supervisor;61
42;Estrella;Investment  Advisor;45
591;Estrella;IT Support Staff;77
353;Estrella;Restaurant Manager;48
164;Ethan;Associate Professor;10
118;Ethan;Bookkeeper;63
376;Ethan;Doctor;54
123;Ethan;Executive Director;26
17;Ethan;Laboratory Technician;51
190;Ethan;Laboratory Technician;10
351;Ethan;Production Painter;51
186;Ethan;Restaurant Manager;40
590;Felicity;Laboratory Technician;54
986;Florence;Dentist;51
372;Florence;Production Painter;36
181;Francesca;Bellman;53
418;Francesca;Bellman;16
860;Francesca;Paramedic;27
350;Fred;Chef Manager;54
80;Fred;CNC Operator;19
360;Fred;Executive Director;56
35;Fred;Food Technologist;62
434;Fred;Healthcare Specialist;60
798;Gabriel;Budget Analyst;38
27;Gabriel;Design Engineer;36
683;Gabriel;Design Engineer;40
546;Gabriel;Front Desk Coordinator;47
474;Gabriel;Global Logistics Supervisor;76
407;Gabriel;Health Educator;35
480;Gabriel;Operator;30
762;Gabriel;Systems Administrator;47
439;Gabriel;Webmaster;12
789;Gabriel;Webmaster;44
825;Gemma;Design Engineer;14
742;George;Designer;33
16;George;Investment  Advisor;26
338;George;Machine Operator;62
18;George;Operator;60
626;Gil;Bookkeeper;21
692;Gil;Operator;18
705;Gina;Business Broker;59
539;Gina;Designer;51
26;Gloria;Ambulatory Nurse;28
926;Gloria;Stockbroker;65
224;Goldie;Accountant;72
328;Goldie;Banker;31
449;Goldie;Staffing Consultant;39
146;Grace;Baker;17
357;Grace;Restaurant Manager;67
421;Greta;Front Desk Coordinator;15
463;Gwen;Ambulatory Nurse;52
359;Gwen;Clerk;58
237;Gwenyth;Designer;38
980;Gwenyth;Executive Director;33
476;Gwenyth;Physician;18
809;Gwenyth;Service Supervisor;60
784;Gwenyth;Webmaster;20
1000;Hadley;Call Center Representative;75
758;Hailey;Associate Professor;62
346;Hank;Accountant;53
605;Hank;Assistant Buyer;39
171;Hank;Associate Professor;24
319;Hank;Call Center Representative;31
65;Hank;Cook;61
404;Hank;Doctor;76
128;Hank;Paramedic;68
380;Hank;Pharmacist;12
292;Hanna;Cash Manager;72
53;Hanna;IT Support Staff;47
192;Hanna;Operator;45
668;Hannah;Associate Professor;79
332;Harmony;Chef Manager;21
7;Harmony;Project Manager;65
271;Harriet;HR Coordinator;45
138;Harry;Doctor;77
195;Harry;Executive Director;49
541;Harry;Executive Director;57
910;Harry;Food Technologist;40
671;Harry;Global Logistics Supervisor;71
639;Harry;Software Engineer;21
335;Harvey;Bellman;21
384;Harvey;Clerk;42
807;Harvey;Designer;62
672;Harvey;Fabricator;24
468;Harvey;IT Support Staff;48
168;Havana;Chef Manager;43
188;Havana;Global Logistics Supervisor;78
67;Hayden;Ambulatory Nurse;52
547;Hayden;Banker;42
887;Hayden;Banker;69
478;Hayden;Cash Manager;21
753;Hayden;Restaurant Manager;23
915;Hazel;Executive Director;13
747;Hazel;HR Coordinator;70
270;Hazel;Stockbroker;48
731;Henry;Bookkeeper;16
98;Henry;Executive Director;68
632;Henry;Paramedic;25
686;Henry;Pharmacist;79
781;Hope;Fabricator;12
498;Hope;Loan Officer;61
653;Hope;Project Manager;68
844;Irene;Bellman;75
864;Irene;Cashier;27
165;Iris;HR Coordinator;51
217;Iris;Investment  Advisor;11
947;Isabel;Cook;76
50;Isabel;Design Engineer;21
301;Isabel;Designer;41
506;Isabel;Healthcare Specialist;40
761;Isabella;Designer;69
19;Isla;Lecturer;60
266;Isla;Mobile Developer;59
366;Isla;Steward;60
410;Jack;Bellman;63
453;Jack;Bellman;71
129;Jack;Lecturer;74
992;Jack;Machine Operator;49
929;Jack;Retail Trainee;42
800;Jackeline;Baker;16
358;Jackeline;Call Center Representative;20
36;Jackeline;HR Coordinator;51
274;Jacob;Cashier;41
334;Jacob;Chef Manager;64
422;Jacob;Fabricator;78
949;Jacob;Global Logistics Supervisor;72
73;Jacob;IT Support Staff;50
842;Jacob;Physician;72
443;Jacob;Restaurant Manager;64
373;Jacqueline;Investment  Advisor;23
978;Jade;Ambulatory Nurse;17
426;Jade;Assistant Buyer;51
687;Jade;Machine Operator;14
93;Jamie;Global Logistics Supervisor;11
137;Jane;Cash Manager;57
63;Jasmine;Chef Manager;43
738;Javier;Assistant Buyer;72
317;Javier;Biologist;51
963;Javier;HR Specialist;32
894;Javier;Paramedic;39
615;Javier;Stockbroker;34
664;Jayden;Baker;74
263;Jayden;Budget Analyst;78
739;Jayden;Cook;36
775;Jayden;Doctor;61
853;Jayden;IT Support Staff;66
851;Jayden;Production Painter;66
331;Jayden;Retail Trainee;50
178;Jayden;Web Developer;18
820;Jaylene;Bookkeeper;68
983;Jaylene;CNC Operator;77
786;Jazmin;Fabricator;50
745;Jennifer;Bookkeeper;79
501;Jocelyn;Bookkeeper;46
144;John;Ambulatory Nurse;27
337;John;Ambulatory Nurse;27
211;John;Baker;65
277;John;IT Support Staff;70
583;John;Staffing Consultant;34
792;Johnathan;Biologist;68
29;Johnathan;Business Broker;17
323;Johnathan;Clerk;78
296;Johnathan;Cook;62
493;Johnathan;Loan Officer;17
523;Johnathan;Retail Trainee;45
538;Johnny;IT Support Staff;40
669;Johnny;Laboratory Technician;60
982;Johnny;Software Engineer;69
962;Johnny;Steward;72
581;Jolene;Machine Operator;62
638;Joseph;CNC Operator;53
51;Joseph;Pharmacist;57
504;Josh;Ambulatory Nurse;73
863;Joyce;Budget Analyst;14
965;Judith;Accountant;15
4;Julian;Assistant Buyer;71
208;Julian;Healthcare Specialist;28
901;Julian;Laboratory Technician;50
458;Julian;Paramedic;63
883;Julian;Retail Trainee;72
586;Julianna;Biologist;64
941;Julianna;Inspector;48
221;Julianna;Machine Operator;55
163;Juliet;HR Specialist;57
117;Juliet;Loan Officer;57
193;Juliet;Machine Operator;12
460;Juliette;Business Broker;37
874;Julius;Bellman;16
655;Julius;Designer;14
972;Julius;Doctor;28
577;Julius;Health Educator;42
651;Julius;Health Educator;37
431;Julius;HR Specialist;72
517;Julius;Operator;59
226;Kamila;Food Technologist;50
85;Karen;Insurance Broker;62
297;Karen;Investment  Advisor;24
216;Karla;Associate Professor;20
465;Karla;Doctor;15
570;Karla;Loan Officer;71
260;Karla;Machine Operator;11
858;Karla;Treasurer;38
8;Kassandra;HR Specialist;33
76;Kassandra;Investment  Advisor;77
719;Kate;Design Engineer;18
854;Kate;Pharmacist;62
52;Katelyn;Bellman;37
108;Katelyn;Staffing Consultant;37
12;Kaylee;Executive Director;71
235;Kenzie;Associate Professor;51
597;Kenzie;Designer;75
361;Kenzie;Machine Operator;40
763;Kenzie;Pharmacist;66
438;Kieth;Call Center Representative;46
675;Kieth;Clerk;75
140;Kieth;Cook;68
205;Kieth;Health Educator;27
250;Kurt;Bookkeeper;58
143;Kurt;Call Center Representative;23
658;Kurt;Electrician;48
66;Kurt;Front Desk Coordinator;63
239;Laila;Production Painter;78
896;Lana;Restaurant Manager;40
754;Lara;Bellman;68
196;Lauren;HR Specialist;47
776;Lauren;Restaurant Manager;77
647;Leah;Cash Manager;26
6;Leah;Pharmacist;44
356;Leanne;Global Logistics Supervisor;27
637;Leanne;Service Supervisor;49
172;Leanne;Software Engineer;69
905;Leroy;Designer;79
848;Leroy;Doctor;78
878;Leroy;Paramedic;58
518;Leroy;Project Manager;60
330;Leroy;Stockbroker;12
110;Liam;Cashier;29
564;Liam;Designer;78
914;Liam;Laboratory Technician;73
278;Liam;Loan Officer;66
948;Liam;Physician;24
272;Liliana;Webmaster;26
862;Lillian;Operator;66
749;Lily;Food Technologist;66
318;Lindsay;Associate Professor;60
954;Lindsay;Treasurer;51
706;Liv;Baker;28
922;Livia;Machine Operator;65
230;Logan;Associate Professor;44
785;Logan;Executive Director;18
723;Logan;Physician;45
139;Logan;Project Manager;27
479;Logan;Treasurer;48
803;Logan;Web Developer;12
307;Logan;Webmaster;53
625;Logan;Webmaster;15
621;Lorraine;Cash Manager;35
322;Lucas;Webmaster;34
957;Lucy;Assistant Buyer;53
256;Lucy;Cook;45
707;Lucy;Restaurant Manager;79
635;Lucy;Software Engineer;48
214;Luke;Investment  Advisor;74
530;Luna;Baker;63
657;Luna;Baker;36
532;Luna;Insurance Broker;32
780;Luna;Restaurant Manager;23
953;Lynn;Lecturer;20
487;Lynn;Production Painter;56
343;Mackenzie;Call Center Representative;70
339;Macy;Auditor;12
13;Maddison;Insurance Broker;43
240;Madelyn;Insurance Broker;32
549;Maggie;Operator;68
716;Maia;Business Broker;18
997;Makenzie;Health Educator;39
867;Makenzie;Operator;54
872;Mandy;Electrician;14
452;Manuel;Assistant Buyer;39
379;Manuel;Cashier;25
125;Manuel;IT Support Staff;78
352;Manuel;Webmaster;45
401;Mara;Physician;52
627;Mara;Systems Administrator;41
496;Margaret;Associate Professor;69
576;Margaret;Lecturer;37
281;Margot;Inspector;66
471;Margot;Investment  Advisor;17
556;Maribel;Cashier;54
927;Maribel;Insurance Broker;58
408;Marie;Insurance Broker;72
659;Marie;Laboratory Technician;46
375;Marie;Pharmacist;24
712;Marie;Pharmacist;51
604;Marie;Staffing Consultant;25
643;Marigold;Baker;43
394;Marigold;Global Logistics Supervisor;68
693;Marilyn;Cook;16
416;Marina;Business Broker;29
101;Marina;Healthcare Specialist;49
772;Marissa;Designer;55
816;Marjorie;Associate Professor;61
470;Marjorie;IT Support Staff;54
619;Marjorie;Loan Officer;42
527;Mark;Auditor;49
935;Mark;CNC Operator;52
735;Mark;Production Painter;41
11;Mark;Systems Administrator;30
437;Marla;Physician;79
575;Martha;Design Engineer;36
710;Martha;Global Logistics Supervisor;16
652;Martha;Retail Trainee;36
290;Martin;Banker;52
811;Martin;Cashier;69
899;Martin;Health Educator;42
923;Martin;Laboratory Technician;72
912;Martin;Mobile Developer;36
485;Marvin;Ambulatory Nurse;43
311;Marvin;Cashier;55
113;Marvin;Global Logistics Supervisor;51
695;Marvin;Investment  Advisor;61
284;Mason;Baker;49
857;Mason;Lecturer;10
600;Mason;Retail Trainee;10
850;Matt;Chef Manager;42
367;Matt;Cook;21
248;Matt;Doctor;72
670;Matt;Investment  Advisor;52
559;Matt;Paramedic;53
374;Matthew;CNC Operator;35
545;Matthew;Food Technologist;40
906;Matthew;Paramedic;58
457;Matthew;Retail Trainee;23
388;Matthew;Stockbroker;71
231;Matthew;Treasurer;38
20;Mavis;Electrician;15
199;Mavis;Pharmacist;40
870;Maxwell;Audiologist;38
185;Maxwell;Bookkeeper;29
177;Maya;Baker;43
895;Maya;Design Engineer;23
22;Maya;Investment  Advisor;23
812;Maya;Mobile Developer;23
834;Mayleen;Fabricator;39
535;Mayleen;Health Educator;36
884;Mayleen;Operator;53
543;Melania;Business Broker;30
644;Melania;Clerk;24
316;Melania;Fabricator;32
903;Melania;HR Specialist;25
40;Melania;Operator;24
241;Melania;Retail Trainee;31
312;Melania;Treasurer;78
294;Melanie;Chef Manager;33
121;Melanie;CNC Operator;27
303;Melanie;Lecturer;49
365;Melody;Laboratory Technician;76
464;Michael;Accountant;63
148;Michael;Ambulatory Nurse;30
717;Michael;Budget Analyst;61
132;Michael;Call Center Representative;43
938;Michael;Fabricator;71
774;Michaela;Cook;60
33;Michaela;Executive Director;66
229;Michelle;Ambulatory Nurse;29
788;Mike;Ambulatory Nurse;18
341;Mike;Budget Analyst;58
614;Mike;Chef Manager;79
871;Mike;Dentist;48
253;Mike;Design Engineer;60
469;Mike;Designer;41
442;Mike;Global Logistics Supervisor;44
602;Miley;Software Engineer;14
813;Mina;Cash Manager;70
392;Miriam;HR Coordinator;47
897;Moira;Webmaster;43
891;Molly;Executive Director;35
960;Monica;Food Technologist;38
565;Nancy;Baker;71
660;Naomi;Biologist;69
502;Naomi;Electrician;34
503;Natalie;Budget Analyst;56
293;Natalie;Mobile Developer;22
550;Nate;Food Technologist;79
492;Nate;Operator;37
907;Nathan;Accountant;31
977;Nathan;Budget Analyst;70
397;Nathan;Global Logistics Supervisor;25
845;Nathan;Inspector;60
967;Nathan;Pharmacist;52
726;Nicholas;Auditor;47
79;Nicholas;Design Engineer;72
175;Nicholas;Investment  Advisor;39
760;Nicholas;Operator;74
227;Nicholas;Physician;26
419;Nicholas;Steward;26
750;Nick;Associate Professor;63
302;Nick;Budget Analyst;18
764;Nick;Business Broker;57
648;Nick;Project Manager;68
819;Nick;Staffing Consultant;33
28;Nicole;Operator;28
599;Nicole;Staffing Consultant;74
102;Noah;Cash Manager;29
998;Noah;Fabricator;73
832;Noah;Inspector;16
299;Noah;Service Supervisor;69
511;Noah;Software Engineer;75
257;Noah;Steward;38
696;Noah;Systems Administrator;38
560;Noemi;Accountant;59
606;Oliver;Auditor;58
690;Oliver;Dentist;56
582;Oliver;Inspector;35
656;Owen;Baker;58
411;Owen;Banker;14
147;Owen;Paramedic;71
187;Paige;Food Technologist;49
54;Parker;Chef Manager;28
194;Parker;Restaurant Manager;74
846;Paula;Doctor;61
55;Payton;Machine Operator;51
430;Payton;Physician;67
557;Penny;Cook;21
620;Penny;Cook;12
824;Penny;Doctor;23
594;Percy;Cashier;77
791;Percy;Designer;27
254;Percy;Health Educator;49
787;Percy;Insurance Broker;51
681;Percy;Laboratory Technician;78
799;Percy;Web Developer;30
371;Peter;Fabricator;73
201;Peter;Health Educator;72
377;Peter;Pharmacist;12
47;Phillip;Assistant Buyer;25
244;Phillip;Design Engineer;67
364;Phillip;Restaurant Manager;13
425;Phillip;Service Supervisor;30
782;Phoebe;Assistant Buyer;73
767;Phoebe;Steward;13
616;Piper;Chef Manager;35
765;Piper;Clerk;78
69;Quinn;Inspector;10
88;Quinn;Loan Officer;27
441;Quinn;Webmaster;39
722;Rachael;Design Engineer;44
566;Rachael;Steward;26
956;Rae;Food Technologist;36
797;Ramon;Machine Operator;47
849;Ramon;Project Manager;57
106;Ramon;Restaurant Manager;50
200;Ramon;Software Engineer;25
902;Raquel;Retail Trainee;24
326;Rebecca;Assistant Buyer;40
329;Regina;Bellman;40
238;Regina;Healthcare Specialist;40
890;Renee;Healthcare Specialist;19
691;Renee;Physician;19
536;Rhea;Bellman;73
589;Rhea;Inspector;11
43;Rick;Design Engineer;70
612;Rick;Food Technologist;28
218;Rick;Restaurant Manager;44
285;Rick;Webmaster;31
818;Rihanna;Electrician;61
46;Rocco;Audiologist;36
964;Rocco;Food Technologist;52
158;Rocco;Laboratory Technician;53
942;Rocco;Mobile Developer;33
531;Rocco;Software Engineer;62
306;Roger;Ambulatory Nurse;55
569;Roger;Call Center Representative;17
91;Roger;Design Engineer;57
114;Ron;Ambulatory Nurse;55
521;Ron;Assistant Buyer;37
481;Ron;CNC Operator;50
491;Ron;Investment  Advisor;19
925;Ron;Production Painter;24
198;Ronald;Designer;24
759;Ronald;HR Specialist;27
30;Ronald;IT Support Staff;79
603;Ronald;Machine Operator;77
685;Ronald;Restaurant Manager;37
794;Rosalie;Systems Administrator;58
112;Rosalyn;HR Coordinator;31
209;Rosalyn;Project Manager;77
866;Rose;Investment  Advisor;74
701;Rose;Stockbroker;30
103;Rosemary;Associate Professor;25
613;Rosemary;Cook;67
314;Rosie;Banker;60
650;Rosie;Design Engineer;10
75;Rowan;Chef Manager;68
92;Rowan;Operator;56
548;Rufus;Cashier;64
363;Rufus;Doctor;30
838;Rufus;Doctor;53
466;Rufus;Fabricator;21
995;Rufus;Health Educator;40
524;Rufus;Systems Administrator;41
420;Russel;Bellman;79
634;Russel;Biologist;59
454;Russel;Executive Director;32
823;Russel;Inspector;64
345;Russel;Treasurer;14
269;Russel;Webmaster;16
386;Ruth;Chef Manager;21
721;Ruth;Operator;24
308;Ryan;Ambulatory Nurse;39
10;Ryan;Dentist;78
70;Ryan;Designer;24
879;Ryan;Front Desk Coordinator;41
540;Ryan;Inspector;40
751;Ryan;Inspector;13
888;Ryan;Mobile Developer;19
715;Ryan;Restaurant Manager;47
936;Sabrina;Pharmacist;57
152;Sabrina;Web Developer;62
920;Sadie;Call Center Representative;27
461;Sadie;Executive Director;63
145;Sage;Healthcare Specialist;53
242;Samantha;Systems Administrator;38
629;Samara;Clerk;10
828;Samara;Production Painter;40
515;Sarah;Global Logistics Supervisor;15
512;Sasha;Call Center Representative;64
810;Sasha;Steward;76
287;Savannah;Accountant;19
233;Savannah;Electrician;78
427;Savannah;Executive Director;40
313;Savannah;Pharmacist;79
228;Scarlett;Assistant Buyer;54
25;Scarlett;Bookkeeper;54
174;Scarlett;Cook;78
783;Sebastian;Business Broker;69
975;Sebastian;Cash Manager;72
734;Sebastian;Electrician;63
255;Sebastian;Physician;55
448;Sebastian;Treasurer;39
484;Shannon;Assistant Buyer;17
58;Sharon;Cook;51
673;Sharon;Doctor;22
933;Shay;Cashier;59
402;Shelby;Healthcare Specialist;17
607;Shelby;Software Engineer;62
852;Skylar;Biologist;17
839;Sloane;Doctor;72
259;Sloane;Healthcare Specialist;20
89;Sloane;Operator;50
571;Sloane;Systems Administrator;67
937;Sofia;Business Broker;42
94;Sonya;Software Engineer;50
131;Stacy;Treasurer;49
243;Stacy;Treasurer;43
39;Stephanie;Machine Operator;44
393;Susan;CNC Operator;13
167;Sydney;Investment  Advisor;62
348;Tania;Bookkeeper;56
265;Tania;HR Coordinator;34
815;Tara;Staffing Consultant;62
868;Teagan;Cook;59
124;Tess;Cook;36
508;Tess;Dentist;70
44;Tess;Treasurer;11
95;Tom;Front Desk Coordinator;42
924;Tom;HR Specialist;77
642;Tom;Paramedic;22
409;Tony;Audiologist;66
528;Tony;Banker;50
161;Tony;Executive Director;74
258;Tony;Lecturer;68
622;Tony;Software Engineer;77
173;Tony;Staffing Consultant;10
779;Tony;Steward;61
206;Trisha;Accountant;21
752;Trisha;Production Painter;11
843;Tyler;Call Center Representative;38
855;Tyler;Cash Manager;46
300;Tyler;Clerk;37
682;Tyler;CNC Operator;27
72;Tyler;Paramedic;38
473;Tyler;Web Developer;44
86;Tyson;Biologist;39
873;Tyson;Budget Analyst;70
182;Tyson;Cashier;62
908;Tyson;Fabricator;21
918;Tyson;Systems Administrator;54
15;Vanessa;Bookkeeper;57
369;Vera;Assistant Buyer;32
959;Vera;Baker;10
950;Vera;Project Manager;30
154;Vicky;Clerk;35
598;Vicky;Clerk;70
944;Vicky;Design Engineer;15
433;Vicky;Executive Director;14
155;Victoria;Cashier;75
943;Victoria;Design Engineer;46
423;Violet;HR Specialist;58
994;Vivian;Retail Trainee;67
733;Wade;Accountant;60
636;Wade;Business Broker;48
483;Wade;Laboratory Technician;75
551;Wade;Lecturer;11
544;Wendy;Accountant;77
513;William;Bellman;61
649;William;Business Broker;64
729;William;IT Support Staff;22
23;William;Laboratory Technician;66
32;William;Loan Officer;61
869;William;Treasurer;13
56;William;Web Developer;71
510;Winnie;Clerk;75
450;Zara;Designer;25